{"inputUnits":[34],"outputUnits":5,"inputs":{"0":{"dtype":"number","min":67.85513478180586,"max":344.60461949279664},"1":{"dtype":"number","min":20.066335428992673,"max":138.01836188541284},"2":{"dtype":"number","min":82.94796741031996,"max":359.08759126421535},"3":{"dtype":"number","min":6.730721456962712,"max":128.10505352057442},"4":{"dtype":"number","min":55.84418640731603,"max":335.6218872665197},"5":{"dtype":"number","min":6.844231380589051,"max":126.54516863311707},"6":{"dtype":"number","min":110.09362769173367,"max":391.8550344842684},"7":{"dtype":"number","min":20.43843512879012,"max":131.29020348859342},"8":{"dtype":"number","min":45.56893986335739,"max":328.8619257460328},"9":{"dtype":"number","min":15.223663508543495,"max":133.78501609519674},"10":{"dtype":"number","min":155.4000003807261,"max":419.59511736447814},"11":{"dtype":"number","min":97.58681983278507,"max":182.0496149788126},"12":{"dtype":"number","min":23.44690631472344,"max":307.50492266976573},"13":{"dtype":"number","min":110.30803836577118,"max":171.27300299631455},"14":{"dtype":"number","min":231.09475594979745,"max":438.0373040509735},"15":{"dtype":"number","min":66.88609102780822,"max":273.091500860441},"16":{"dtype":"number","min":-7.061476084688718,"max":253.5361663639894},"17":{"dtype":"number","min":46.861124912432985,"max":270.6678780895925},"18":{"dtype":"number","min":260.7357599953694,"max":431.18640565035633},"19":{"dtype":"number","min":12.723272074500485,"max":353.70237354181893},"20":{"dtype":"number","min":-18.694820887396443,"max":285.998544674403},"21":{"dtype":"number","min":3.814124094347733,"max":346.67025501035573},"22":{"dtype":"number","min":145.5235959772478,"max":372.6327800193028},"23":{"dtype":"number","min":273.00538656074866,"max":359.5107580857899},"24":{"dtype":"number","min":66.03967975222344,"max":304.6424868697079},"25":{"dtype":"number","min":264.3965526677479,"max":348.7743765847724},"26":{"dtype":"number","min":120.28107700756883,"max":360.87383262827615},"27":{"dtype":"number","min":432.3684020163255,"max":527.5421059294285},"28":{"dtype":"number","min":57.43702507390846,"max":285.318366156684},"29":{"dtype":"number","min":408.4024696275737,"max":519.4022349307411},"30":{"dtype":"number","min":121.49620636164792,"max":360.7008626540037},"31":{"dtype":"number","min":494.3112158821805,"max":559.7217977720859},"32":{"dtype":"number","min":52.1767028451663,"max":297.7704998113026},"33":{"dtype":"number","min":496.7940292209677,"max":559.4480968869452}},"outputs":{"0":{"dtype":"string","min":0,"max":1,"uniqueValues":["u","i","e","o","a"],"legend":{"u":[1,0,0,0,0],"i":[0,1,0,0,0],"e":[0,0,1,0,0],"o":[0,0,0,1,0],"a":[0,0,0,0,1]}}},"isNormalized":true}